item,status,repo_or_artifact,revision_or_version,evidence,review_note
Local GPU capacity,measured,/dev/nvidia0,NVIDIA GeForce RTX 5090 Laptop GPU,23.46 GiB total memory reported by torch CUDA,24GB laptop target has less memory than the BF16 DiffusionGemma weight set
PyTorch stack,installed,uv environment,torch 2.12.1+cu132; CUDA 13.2; torchvision 0.27.1+cu132,uv run python import check,Keep this stack; do not install a runtime that downgrades torch or CUDA without an explicit review decision
ModelOpt,installed,uv environment,nvidia-modelopt 0.44.0,uv run python import check,NVFP4 checkpoint advertises quant_method modelopt
Google DiffusionGemma BF16,deferred,google/diffusiongemma-26B-A4B-it,0f28bc42f588fbd8f71e08102b1c3960298a1358,11 required safetensor shards; 51647701024 bytes; local shards incomplete,Deferred for direct local 24GB loading because weights alone are 48.10 GiB
NVIDIA DiffusionGemma NVFP4,proven_isolated_vllm,nvidia/diffusiongemma-26B-A4B-it-NVFP4,2ea837236295d617ac27f8c17d61228081932c40,2 required safetensor shards; 18823855888 bytes; local shards complete; non-empty vLLM output captured,Intended 24GB path has real generation proof under isolated vLLM 0.24.0
NVFP4 Transformers loading,not_active_proof_path,chapter5 part5 verification report,2026-07-01,Transformers reports unknown quantization type modelopt,Config/tokenizer/model class support is preflight evidence; generation proof comes from vLLM
vLLM dependency probe,isolated,uv pip install --dry-run vllm --prerelease allow,vllm 0.24.0 resolver result,Dry run would replace torch 2.12.1+cu132 with torch 2.11.0 and CUDA 13.2 packages with CUDA 13.0 packages,Do not apply this downgrade inside the cutting-edge cu132 uv environment; isolated proof uses /tmp/arena-diffusiongemma-vllm
vLLM generation proof,accepted,chapter5 part5 artifact,diffusiongemma_vllm_probe.json,vLLM 0.24.0; torch 2.11.0+cu130; CUDA 13.0; RTX 5090 Laptop GPU; output mentions negative controls,One-prompt runtime proof only; not a quality benchmark or diffusion-time patching result
Toy CUDA diffusion ladder,accepted,chapter5 part5 verification report,2026-07-01,heldout masked accuracy 1.0; sampler exact match 1.0; shuffled-label accuracy 0.0714; peak VRAM 0.0737 GiB,This validates the exercise mechanics; NVFP4 proof separately validates released-checkpoint generation
